Well,Sample,Gene,Group,Time,BioRep,Cq
A1,Control_0_R1,Reference,Control,0,R1,21.305
A2,Control_0_R1,Reference,Control,0,R1,21.375
A3,Control_0_R1,GeneX,Control,0,R1,26.175
A4,Control_0_R1,GeneX,Control,0,R1,26.265
A5,Control_0_R2,Reference,Control,0,R2,21.385
A6,Control_0_R2,Reference,Control,0,R2,21.455
A7,Control_0_R2,GeneX,Control,0,R2,26.375
A8,Control_0_R2,GeneX,Control,0,R2,26.465
A9,Control_0_R3,Reference,Control,0,R3,21.405
A10,Control_0_R3,Reference,Control,0,R3,21.475
A11,Control_0_R3,GeneX,Control,0,R3,26.515
A12,Control_0_R3,GeneX,Control,0,R3,26.605
B1,Control_12_R1,Reference,Control,12,R1,21.330
B2,Control_12_R1,Reference,Control,12,R1,21.400
B3,Control_12_R1,GeneX,Control,12,R1,26.200
B4,Control_12_R1,GeneX,Control,12,R1,26.290
B5,Control_12_R2,Reference,Control,12,R2,21.410
B6,Control_12_R2,Reference,Control,12,R2,21.480
B7,Control_12_R2,GeneX,Control,12,R2,26.400
B8,Control_12_R2,GeneX,Control,12,R2,26.490
B9,Control_12_R3,Reference,Control,12,R3,21.430
B10,Control_12_R3,Reference,Control,12,R3,21.500
B11,Control_12_R3,GeneX,Control,12,R3,26.540
B12,Control_12_R3,GeneX,Control,12,R3,26.630
C1,Control_24_R1,Reference,Control,24,R1,21.355
C2,Control_24_R1,Reference,Control,24,R1,21.425
C3,Control_24_R1,GeneX,Control,24,R1,26.225
C4,Control_24_R1,GeneX,Control,24,R1,26.315
C5,Control_24_R2,Reference,Control,24,R2,21.435
C6,Control_24_R2,Reference,Control,24,R2,21.505
C7,Control_24_R2,GeneX,Control,24,R2,26.425
C8,Control_24_R2,GeneX,Control,24,R2,26.515
C9,Control_24_R3,Reference,Control,24,R3,21.455
C10,Control_24_R3,Reference,Control,24,R3,21.525
C11,Control_24_R3,GeneX,Control,24,R3,26.565
C12,Control_24_R3,GeneX,Control,24,R3,26.655
D1,Control_48_R1,Reference,Control,48,R1,21.380
D2,Control_48_R1,Reference,Control,48,R1,21.450
D3,Control_48_R1,GeneX,Control,48,R1,26.250
D4,Control_48_R1,GeneX,Control,48,R1,26.340
D5,Control_48_R2,Reference,Control,48,R2,21.460
D6,Control_48_R2,Reference,Control,48,R2,21.530
D7,Control_48_R2,GeneX,Control,48,R2,26.450
D8,Control_48_R2,GeneX,Control,48,R2,26.540
D9,Control_48_R3,Reference,Control,48,R3,21.480
D10,Control_48_R3,Reference,Control,48,R3,21.550
D11,Control_48_R3,GeneX,Control,48,R3,26.590
D12,Control_48_R3,GeneX,Control,48,R3,26.680
E1,Treatment_0_R1,Reference,Treatment,0,R1,21.335
E2,Treatment_0_R1,Reference,Treatment,0,R1,21.405
E3,Treatment_0_R1,GeneX,Treatment,0,R1,26.205
E4,Treatment_0_R1,GeneX,Treatment,0,R1,26.295
E5,Treatment_0_R2,Reference,Treatment,0,R2,21.415
E6,Treatment_0_R2,Reference,Treatment,0,R2,21.485
E7,Treatment_0_R2,GeneX,Treatment,0,R2,26.405
E8,Treatment_0_R2,GeneX,Treatment,0,R2,26.495
E9,Treatment_0_R3,Reference,Treatment,0,R3,21.435
E10,Treatment_0_R3,Reference,Treatment,0,R3,21.505
E11,Treatment_0_R3,GeneX,Treatment,0,R3,26.545
E12,Treatment_0_R3,GeneX,Treatment,0,R3,26.635
F1,Treatment_12_R1,Reference,Treatment,12,R1,21.360
F2,Treatment_12_R1,Reference,Treatment,12,R1,21.430
F3,Treatment_12_R1,GeneX,Treatment,12,R1,25.630
F4,Treatment_12_R1,GeneX,Treatment,12,R1,25.720
F5,Treatment_12_R2,Reference,Treatment,12,R2,21.440
F6,Treatment_12_R2,Reference,Treatment,12,R2,21.510
F7,Treatment_12_R2,GeneX,Treatment,12,R2,25.830
F8,Treatment_12_R2,GeneX,Treatment,12,R2,25.920
F9,Treatment_12_R3,Reference,Treatment,12,R3,21.460
F10,Treatment_12_R3,Reference,Treatment,12,R3,21.530
F11,Treatment_12_R3,GeneX,Treatment,12,R3,25.970
F12,Treatment_12_R3,GeneX,Treatment,12,R3,26.060
G1,Treatment_24_R1,Reference,Treatment,24,R1,21.385
G2,Treatment_24_R1,Reference,Treatment,24,R1,21.455
G3,Treatment_24_R1,GeneX,Treatment,24,R1,24.855
G4,Treatment_24_R1,GeneX,Treatment,24,R1,24.945
G5,Treatment_24_R2,Reference,Treatment,24,R2,21.465
G6,Treatment_24_R2,Reference,Treatment,24,R2,21.535
G7,Treatment_24_R2,GeneX,Treatment,24,R2,25.055
G8,Treatment_24_R2,GeneX,Treatment,24,R2,25.145
G9,Treatment_24_R3,Reference,Treatment,24,R3,21.485
G10,Treatment_24_R3,Reference,Treatment,24,R3,21.555
G11,Treatment_24_R3,GeneX,Treatment,24,R3,25.195
G12,Treatment_24_R3,GeneX,Treatment,24,R3,25.285
H1,Treatment_48_R1,Reference,Treatment,48,R1,21.410
H2,Treatment_48_R1,Reference,Treatment,48,R1,21.480
H3,Treatment_48_R1,GeneX,Treatment,48,R1,24.280
H4,Treatment_48_R1,GeneX,Treatment,48,R1,24.370
H5,Treatment_48_R2,Reference,Treatment,48,R2,21.490
H6,Treatment_48_R2,Reference,Treatment,48,R2,21.560
H7,Treatment_48_R2,GeneX,Treatment,48,R2,24.480
H8,Treatment_48_R2,GeneX,Treatment,48,R2,24.570
H9,Treatment_48_R3,Reference,Treatment,48,R3,21.510
H10,Treatment_48_R3,Reference,Treatment,48,R3,21.580
H11,Treatment_48_R3,GeneX,Treatment,48,R3,24.620
H12,Treatment_48_R3,GeneX,Treatment,48,R3,24.710
